{
    "id": "23456-6789",
    "first_name": "Adam",
    "last_name": "Hilbert",
    "gender": "M",
    "age": "80",
    "location": "Sydney",
    "chief_complaint": "Chest Pain, Fatigue",
    "summary_of_current_complaints": [
        "Chest Pain",
        "Fatigue",
        "Shortness of Breath"
    ],
    "summary_of_patient_history": {
        "patient_history": [
            "Type 2 Diabetes"
        ],
        "family_history": [
            "Father: Heart Disease",
            "Mother: High Blood Pressure, High Cholesterol"
        ]
    },
    "ai_recommendations": {
        "Physical Examination": [
            "Cardiovascular: Measure blood pressure, heart rate and rhythm, listen for heart murmurs or abnormal lung sounds.",
            "Respiratory: Assess breathing rate, depth, and effort. Check for lung expansion and signs of wheezing.",
            "Peripheral Vascular: Check for signs of poor circulation in the legs like coolness, discoloration, or weak pulses."
        ],
        "Diet": [
            "Any recent changes in diet?",
            "Does he follow a specific diet (e.g., high fat, low carb)?",
            "Does he experience any heartburn or indigestion?"
        ],
        "Professional and Social Lifestyle": [
            "Is his job physically demanding (lifting, exertion)?",
            "Does he smoke or have regular exposure to secondhand smoke?",
            "Does he participate in regular physical activity?"
        ],
        "Mental Health": [
            "Has he been experiencing any significant stress or anxiety lately?",
            "Has he been experiencing any significant stress or anxiety lately?",
            "Does he have a history of panic attacks?"
        ],
        "Recommended Blood Tests": [
            "Complete Blood Count (CBC) to assess red blood cell count and oxygen-carrying capacity.",
            "Basic Metabolic Panel (BMP) to evaluate electrolytes, kidney function, and blood sugar levels (diabetes risk)",
            "Lipid Panel to check cholesterol levels (high risk factor in family history)",
            "Cardiac enzymes (Troponin) to help rule out a heart attack."
        ],
        "Imaging Tests": [
            "Chest X-ray to evaluate lungs for abnormalities and signs of heart enlargement.",
            "Electrocardiogram (ECG) to assess heart rhythm and electrical activity for potential abnormalities."
        ]
    },
    "medical_research": [
        "'Fatigue in patients with diabetes: A review' published in Journal of Psychosomatic Research, July 2014.",
        "'Type 2 diabetes and cardiovascular disease: Have all risk factors the same strength?' published in National Library of Medicine"
    ]
}